ir0,ir1,ir2,ir3,ir4,ir5,ir6,ir7,angle,turn,move
100,32.426406871192896,100,32.42640687119281,20.0,32.42640687119277,20.0,32.42640687119277,46.73570458892837,0,5
100,32.42640687119277,100,39.497474683058286,25.0,32.42640687119277,20.0,32.42640687119277,47.035034456859904,0,5
100,32.42640687119277,100,46.56854249492376,30.0,32.42640687119277,20.0,32.42640687119277,47.3373058591238,0,5
100,32.42640687119277,100,53.639610306789244,35.0,32.42640687119277,20.0,32.42640687119277,47.64254529406472,0,5
100,32.42640687119277,100,60.71067811865471,40.0,32.42640687119277,20.0,32.42640687119277,47.95077910900636,0,5
95.0,32.42640687119277,100,67.78174593052019,45.0,32.42640687119277,20.0,32.42640687119277,48.262033477396756,0,5
90.0,32.42640687119277,100,74.8528137423857,50.0,32.42640687119277,20.0,32.42640687119277,48.576334374997344,0,5
85.0,32.42640687119277,20.0,81.92388155425117,55.00000000000001,32.42640687119277,20.0,32.42640687119277,48.89370755509714,0,5
80.0,32.42640687119277,20.0,88.99494936611664,60.0,32.42640687119277,20.0,32.42640687119277,49.214178522734045,0,5
75.0,96.06601717798213,20.0,96.06601717798213,65.0,32.42640687119277,20.0,32.42640687119277,49.537772507906624,0,5
70.0,88.99494936611666,20.0,100,70.0,32.42640687119277,20.0,32.42640687119277,49.864514437760505,0,5
65.0,88.99494936611657,20.0,100,75.0,32.42640687119277,20.0,32.42640687119277,50.19442890773479,0,5
60.0,88.99494936611657,20.0,100,80.0,32.42640687119277,20.0,32.42640687119277,50.527540151656154,0,5
55.0,88.99494936611657,20.0,32.42640687119293,85.0,32.42640687119277,20.0,32.42640687119277,50.863872010768944,0,5
50.0,88.99494936611657,20.0,32.42640687119293,90.0,32.42640687119277,20.0,32.42640687119277,51.20344790169182,0,5
45.0,88.99494936611657,100,32.42640687119293,95.0,32.42640687119277,20.0,32.42640687119277,51.54629078329404,0,5
40.0,88.99494936611657,100,32.42640687119293,100,32.42640687119277,20.0,32.42640687119277,51.89242312248513,0,5
35.0,88.99494936611657,100,32.42640687119293,100,32.42640687119277,20.0,32.42640687119277,52.2418668589162,0,5
30.0,88.99494936611657,100,32.42640687119293,100,32.42640687119277,20.0,32.42640687119277,52.594643368591434,0,5
25.0,88.99494936611657,100,32.42640687119293,100,32.42640687119277,20.0,32.42640687119277,52.950773426392985,0,5
20.0,88.99494936611657,100,32.42640687119293,100,32.42640687119277,20.0,32.42640687119277,53.31027716752419,0,5
15.0,100,100,39.497474683058286,100,32.42640687119277,20.0,32.42640687119277,53.67317404787977,0,5
10.0,100,100,46.56854249492376,100,32.42640687119277,20.0,32.42640687119277,54.03948280335513,0,5
5.0,11.213203435596466,100,53.639610306789244,100,32.42640687119277,20.0,32.42640687119277,54.40922140811017,0,5
0.0,4.14213562373099,100,60.71067811865471,100,32.42640687119277,20.0,32.42640687119277,54.78240703180728,0,5
0.0,4.14213562373099,100,60.71067811865471,100,32.42640687119277,20.0,32.42640687119277,54.78240703180728,0,5
0.0,4.14213562373099,100,60.71067811865471,100,32.42640687119277,20.0,32.42640687119277,54.78240703180728,0,5
0.0,4.14213562373099,100,60.71067811865471,100,32.42640687119277,20.0,32.42640687119277,54.78240703180728,0,5
0.0,4.14213562373099,100,60.71067811865471,100,32.42640687119277,20.0,32.42640687119277,54.78240703180728,0,5
0.0,4.14213562373099,100,60.71067811865471,100,32.42640687119277,20.0,32.42640687119277,54.78240703180728,5,0
0.0381983754334878,5.557238268604134,100,55.270364466613955,100,29.162218679968287,20.114595126300433,3.054072893322827,49.78240703180728,5,0
0.15426611885744496,7.434467956210922,100,51.038729438072814,100,26.623237662843707,20.462798356572375,2.207745887614554,44.78240703180728,5,0
0.3527618041008116,10.000000000000032,100,49.99999999999999,100,24.641016151377492,21.058285412302457,1.5470053837925197,39.78240703180728,5,0
0.6417777247591395,67.23645432737449,100,60.98604749457507,77.71413200489246,23.101337568874694,21.925333174277334,1.0337791896249204,34.78240703180728,5,0
1.0337791896249204,64.49244407331383,100,77.7141320048927,60.98604749457507,21.925333174277334,23.101337568874822,0.6417777247591395,29.78240703180728,5,0
1.5470053837925197,62.46933262870577,100,100,50.00000000000001,21.058285412302457,24.641016151377492,0.3527618041008116,24.78240703180728,5,0
2.207745887614554,61.07986283200217,100,100,42.30340386863286,20.462798356572375,26.623237662843707,0.15426611885744496,19.78240703180728,5,0
3.054072893322827,60.267388628034325,67.7861913430206,100,36.67171480581241,20.114595126300433,29.162218679968277,0.0381983754334878,14.782407031807281,5,0
4.14213562373099,100,60.71067811865471,100,32.42640687119277,20.0,32.42640687119277,0.0,9.782407031807281,5,0
5.557238268604134,100,55.270364466613955,100,29.162218679968287,20.114595126300433,3.054072893322827,0.0381983754334878,4.782407031807281,5,0
7.434467956210922,100,51.038729438072814,100,26.623237662843707,20.462798356572375,2.207745887614554,0.15426611885744496,-0.21759296819271867,5,0
10.000000000000032,100,49.99999999999999,100,24.641016151377492,21.058285412302457,1.5470053837925197,0.3527618041008116,-5.217592968192719,5,0
67.23645432737449,100,60.98604749457507,77.71413200489246,23.101337568874694,21.925333174277334,1.0337791896249204,0.6417777247591395,-10.217592968192719,5,0
64.49244407331383,100,77.7141320048927,60.98604749457507,21.925333174277334,23.101337568874822,0.6417777247591395,1.0337791896249204,-15.217592968192719,5,0
62.46933262870577,100,100,50.00000000000001,21.058285412302457,24.641016151377492,0.3527618041008116,1.5470053837925197,-20.21759296819272,5,0
61.07986283200217,100,100,42.30340386863286,20.462798356572375,26.623237662843707,0.15426611885744496,2.207745887614554,-25.21759296819272,5,0
60.267388628034325,67.7861913430206,100,36.67171480581241,20.114595126300433,29.162218679968277,0.0381983754334878,3.054072893322827,-30.21759296819272,5,0
100,60.71067811865471,100,32.42640687119277,20.0,32.42640687119277,0.0,4.14213562373099,-35.21759296819272,5,0
100,55.270364466613955,100,29.162218679968287,20.114595126300433,3.054072893322827,0.0381983754334878,5.557238268604134,-40.21759296819272,5,0
100,51.038729438072814,100,26.623237662843707,20.462798356572375,2.207745887614554,0.15426611885744496,7.434467956210922,-45.21759296819272,5,0
100,49.99999999999999,100,24.641016151377492,21.058285412302457,1.5470053837925197,0.3527618041008116,10.000000000000032,-50.21759296819272,-5,0
100,51.038729438072814,100,26.623237662843707,20.462798356572375,2.207745887614554,0.15426611885744496,7.434467956210922,-45.21759296819272,0,5
100,49.978803024670164,100,32.634379061306554,25.462798356572364,3.2676723010171997,1.0359010223997969,69.4430798148391,-45.54516590665065,0,5
100,48.91887661126752,100,38.64552045976939,30.46279835657235,4.327598714419845,1.9175359259421292,63.43193841637626,-45.8764555093519,0,5
100,47.85895019786487,100,44.65666185823223,35.46279835657234,5.387525127822491,2.799170829484481,57.42079701791342,-46.21150285919521,0,5
100,46.79902378446223,100,50.66780325669508,40.46279835657233,6.447451541225072,100,51.40965561945057,-46.550348948248825,0,5
100,45.73909737105964,100,56.67894465515793,45.46279835657231,7.507377954627718,100,45.398514220987735,-46.89303464036061,0,5
100,44.679170957657,100,62.69008605362077,50.4627983565723,8.567304368030364,100,39.38737282252489,-47.23960063177515,0,5
100,43.61924454425435,100,68.7012274520836,55.462798356572286,15.224661332795984,100,33.37623142406204,-47.59008740970057,0,5
100,42.55931813085171,33.71825136594852,74.71236885054645,60.46279835657228,23.8094609392557,100,27.365090025599194,-47.94453520876823,0,5
100,100,32.83661646240617,80.7235102490093,65.46279835657226,32.39426054571542,100,21.35394862713636,-48.30298396532942,0,5
100,100,31.954981558863835,86.73465164747213,70.46279835657225,40.97906015217514,100,15.342807228673514,-48.665473269538154,0,5
100,100,31.073346655321483,92.74579304593499,75.46279835657224,49.56385975863485,100,9.331665830210667,-49.032042315166905,0,5
100,96.19602019701516,30.191711751779152,98.75693444439783,80.46279835657222,58.148659365094545,100,8.164781535131493,-49.40272984710964,0,5
100,87.61122059055546,29.3100768482368,100,85.46279835657221,66.73345897155441,24.480615544904346,9.678513329725769,-49.777574106526686,0,5
100,79.02642098409572,28.42844194469447,100,90.4627983565722,75.31825857801412,2.3428886495927808,11.192245124320095,-50.15661277359044,0,5
100,71.76307089987696,27.546807041152128,100,95.46279835657218,83.90305818447386,3.2245235531351226,12.705976918914374,-50.53988290779603,0,5
100,70.70314448647432,40.58861174936139,100,100,100,4.1061584566774645,14.219708713508652,-50.92742088580525,0,5
100,69.64321807307167,100,51.43889927295192,100,8.01874902784479,4.987793360219807,15.733440508102976,-51.319262336797465,0,5
100,68.58329165966906,100,49.92516747835764,100,9.078675441247436,5.869428263762148,17.247172302697255,-51.715442075307124,0,5
100,67.52336524626641,100,48.41143568376337,100,10.138601854650082,6.751063167304491,18.760904097291533,-52.11599403153491,0,5
100,66.46343883286376,100,46.89770388916909,100,11.198528268052696,7.632698070846834,20.274635891885858,-52.5209511791266,0,5
100,65.40351241946115,100,45.383972094574766,100,12.25845468145534,8.514332974389166,21.788367686480136,-52.930345460420995,0,5
100,100,100,43.870240299980445,100,13.318381094857987,9.395967877931508,89.70206109849413,-53.34420770917882,0,5
100,100,100,42.80203095134351,100,14.3783075082606,10.277602781473849,83.69091970003129,-53.762567570811825,0,5
100,100,100,48.81317234980635,100,15.438233921663246,11.159237685016192,77.67977830156843,-54.185453420144995,0,5
100,100,100,54.82431374826919,100,16.498160335065894,12.040872588558534,71.66863690310558,-54.61289227675081,0,5
100,100,100,60.83545514673204,100,17.558086748468536,100,65.65749550464272,-55.044909717913015,0,5
100,89.46530179359627,47.42998655521637,66.84659654519487,100,18.61801316187115,100,59.6463541061799,-55.48152978928397,0,5
100,80.88050218713657,46.54835165167403,72.85773794365772,100,19.677939575273797,100,53.63521270771705,-55.92277491331731,0,5
100,72.29570258067685,45.66671674813169,78.86887934212056,100,20.737865988676443,100,47.624071309254205,-56.36866579557068,0,5
100,63.71090297421713,44.78508184458935,84.88002074058342,100,21.797792402079057,100,41.61292991079137,-56.81922132898745,0,5
100,55.126103367757416,43.903446941047,90.89116213904626,100,29.480704369508537,100,35.601788512328525,-57.274458496285774,0,5
100,46.5413037612977,43.02181203750466,96.9023035375091,100,38.065503975968234,100,29.590647113865685,-57.73439227059504,0,5
100,37.95650415483798,61.94592776537476,100,100,46.65030358242797,100,23.57950571540284,-58.19903551450261,0,5
100,33.312850213805014,90.30233686346325,100,100,55.23510318888766,100,17.56836431693999,-58.66839887768771,0,5
100,32.2529238004024,100,100,100,63.8199027953474,91.69207336419402,11.557222918477159,-59.14249069334062,0,5
100,31.192997386999757,100,100,100,72.4047024018071,63.33566426610554,5.546081520014311,-59.62131687358442,0,5
100,30.13307097359711,100,100,100,80.98950200826685,34.97925516801701,2.421906509461371,-60.104880804134496,0,5
100,29.285129842874998,100,100,100,87.85734169343462,12.29412788954624,3.6328919451368407,-60.49514372627493,0,5
100,29.285129842874998,100,100,100,87.85734169343462,12.29412788954624,3.6328919451368407,-60.49514372627493,0,5
100,29.285129842874998,100,100,100,87.85734169343462,12.29412788954624,3.6328919451368407,-60.49514372627493,0,5
100,29.285129842874998,100,100,100,87.85734169343462,12.29412788954624,3.6328919451368407,-60.49514372627493,0,5
100,29.285129842874998,100,100,100,87.85734169343462,12.29412788954624,3.6328919451368407,-60.49514372627493,0,5
100,29.285129842874998,100,100,100,87.85734169343462,12.29412788954624,3.6328919451368407,-60.49514372627493,0,5
100,29.285129842874998,100,100,100,87.85734169343462,12.29412788954624,3.6328919451368407,-60.49514372627493,0,5
100,29.285129842874998,100,100,100,87.85734169343462,12.29412788954624,3.6328919451368407,-60.49514372627493,0,5
100,29.285129842874998,100,100,100,87.85734169343462,12.29412788954624,3.6328919451368407,-60.49514372627493,0,5
100,29.285129842874998,100,100,100,87.85734169343462,12.29412788954624,3.6328919451368407,-60.49514372627493,0,5
100,29.285129842874998,100,100,100,87.85734169343462,12.29412788954624,3.6328919451368407,-60.49514372627493,0,5
100,29.285129842874998,100,100,100,87.85734169343462,12.29412788954624,3.6328919451368407,-60.49514372627493,0,5
100,29.285129842874998,100,100,100,87.85734169343462,12.29412788954624,3.6328919451368407,-60.49514372627493,0,5
100,29.285129842874998,100,100,100,87.85734169343462,12.29412788954624,3.6328919451368407,-60.49514372627493,0,5
100,29.285129842874998,100,100,100,87.85734169343462,12.29412788954624,3.6328919451368407,-60.49514372627493,0,5
100,29.285129842874998,100,100,100,87.85734169343462,12.29412788954624,3.6328919451368407,-60.49514372627493,0,5
100,29.285129842874998,100,100,100,87.85734169343462,12.29412788954624,3.6328919451368407,-60.49514372627493,-5,0
100,100,100,63.39981933372596,100,77.32070200711932,34.41858400428988,2.164991143596727,-55.49514372627493,5,0
100,29.285129842874998,100,100,100,87.85734169343462,12.29412788954624,3.6328919451368407,-60.49514372627493,5,0
100,27.158834233180954,100,100,100,100,4.957688601160397,5.63901115810089,-65.49514372627493,5,0
98.70849318821149,25.507246965371376,100,100,85.9578148232047,100,1.3190253739146216,8.50252648061897,-70.49514372627493,5,0
77.97654476124349,24.245766870059605,75.48770507573057,100,67.65756605943145,100,100,12.862704819127481,-75.49514372627493,5,0
75.29926992659031,23.315699347828627,62.25733063861367,100,55.63901115810086,100,100,20.212249550465256,-80.49514372627493,0,5
70.29926992659043,20.72750889680341,70.91758467645788,100,60.63901115810088,100,1.9159386479372706,29.871507813355958,-81.05100074348525,0,5
65.29926992659053,18.13931844577821,79.57783871430206,100,65.63901115810089,3.2717287706250953,4.802689993885374,39.53076607624666,-81.60856130124193,0,5
60.29926992659064,15.551127994753005,88.23809275214627,100,70.63901115810086,5.859919221650313,7.689441339833506,100,-82.16772717655624,0,5
55.29926992659075,12.962937543727788,15.611828849388425,100,75.63901115810087,8.448109672675514,10.576192685781638,100,-82.7283983572919,0,5
50.29926992659086,98.37322242755965,12.725077503440293,100,80.63901115810084,11.036300123700718,13.46294403172977,100,-83.2904731393819,0,5
45.29926992659096,95.78503197653444,9.83832615749216,100,85.63901115810086,13.624490574725936,16.3496953776779,100,-83.85384822867331,0,5
40.29926992659107,93.19684152550923,6.951574811544028,100,90.63901115810087,16.212681025751138,19.236446723626035,100,-84.41841884717252,0,5
35.29926992659118,90.60865107448402,11.53936294136725,100,95.63901115810089,18.80087147677634,22.123198069574165,100,-84.98407884344113,0,5
30.299269926591286,88.02046062345882,20.19961697921144,85.35810786711363,100,21.389061927801556,25.0099494155223,100,-85.55072080687262,-5,0
28.50810068013126,90.75687764980411,25.72919075340457,18.30387218372646,100,22.265343909684898,23.453872969784353,100,-80.55072080687262,-5,0
32.92289418454198,94.46836690052709,34.14888650352913,12.906001224549742,100,23.453872969784353,22.265343909684898,100,-75.55072080687262,-5,0
46.72107481555099,59.80038302078856,88.02046062345883,9.360988841899111,100,25.0099494155223,21.389061927801556,100,-70.55072080687262,-5,0
74.541597949319,50.84662705535957,86.14109366153195,8.433462499275196,100,27.013281954715993,20.787232824186145,100,-65.55072080687262,-5,0
100,44.295059494711836,85.04215852816135,9.711400069852736,100,29.579303591843164,20.43532116475704,100,-60.55072080687262,-5,0
100,39.356324163417945,84.68049442094954,11.35435395523681,100,32.878255994339895,20.319505579050457,100,-55.55072080687262,-5,0
100,35.55896439676121,85.04215852816135,13.491131848308711,100,100,20.43532116475704,100,-50.55072080687262,-5,0
100,32.605266938797676,86.14109366153195,16.325712725695386,100,100,20.787232824186145,27.013281954716007,-45.55072080687262,-5,0
100,30.299269926591286,88.02046062345882,20.19961697921144,85.35810786711363,100,21.389061927801556,25.0099494155223,-40.55072080687262,-5,0
100,28.50810068013126,90.75687764980411,25.72919075340457,18.30387218372646,100,22.265343909684898,23.453872969784353,-35.55072080687262,0,5
100,28.78345216334845,92.57672882113512,36.84670158830655,23.303872183726476,100,20.445492738353895,21.566985599854693,-35.88413011282313,0,5
100,32.82989518638472,64.56655931007825,47.96421242320854,28.303872183726487,100,18.62564156702287,19.680098229925054,-36.2229905686346,0,5
100,36.87633820942093,50.82917221280476,100,33.3038721837265,100,16.805790395691865,100,-36.567412667098324,0,5
100,40.92278123245714,37.09178511553127,100,38.30387218372651,45.55629000940532,14.985939224360857,100,-36.91750894948092,0,5
100,44.96922425549335,23.354398018257783,100,43.303872183726526,41.50984698636911,13.166088053029831,100,-37.27339400038147,0,5
100,49.01566727852956,16.541762879717243,100,48.30387218372654,37.4634039633329,11.346236881698827,100,-37.635184437745124,0,5
100,53.0621103015658,18.361614051048246,100,53.3038721837265,33.41696094029669,13.35842017792001,100,-38.00299889756616,0,5
100,57.10855332460201,20.181465222379252,100,58.30387218372657,29.370517917260475,27.095807275193494,100,-38.37695801277982,0,5
100,61.15499634763823,22.00131639371028,100,63.303872183726526,25.32407489422426,40.83319437246698,100,-38.7571843858135,0,5
100,65.20143937067444,23.821167565041286,100,68.3038721837266,21.27763187118805,54.57058146974046,100,-39.14380255422816,0,5
100,69.24788239371067,25.64101873637231,26.953894452753932,73.30387218372655,19.551663370789303,68.30796856701394,100,-39.53693894884884,0,5
100,73.29432541674689,27.460869907703316,28.840781822683592,78.30387218372663,24.735843812725264,82.04535566428743,100,-39.936721843744635,0,5
100,77.3407684397831,29.28072107903434,30.727669192613252,83.30387218372658,29.920024254661236,95.78274276156091,100,-40.34328129738219,0,5
100,81.38721146281931,31.100572250365342,32.61455656254289,88.30387218372665,35.10420469659721,100,100,-40.75674908423639,0,5
100,85.43365448585553,32.92042342169637,34.50144393247255,93.30387218372655,40.288385138533165,100,100,-41.17725861610603,0,5
100,89.48009750889173,34.74027459302739,36.388331302402186,98.30387218372661,45.47256558046914,100,100,-41.60494485234028,0,5
100,93.52654053192795,36.560125764358396,38.275218672331846,100,50.65674602240504,100,100,-42.039944198145236,0,5
100,97.57298355496415,38.37997693568941,40.162106042261485,100,55.840926464340825,100,100,-42.482394390100694,0,5
100,100,40.19982810702043,42.048993412191145,100,61.02510690627666,100,100,-42.9324343679794,0,5
100,100,42.01967927835145,43.93588078212079,100,66.20928734821244,100,39.526798358381676,-43.390204131926,0,5
100,100,43.839530449682464,45.822768152050436,100,71.39346779014828,100,28.40928752348001,-43.85584458401996,0,5
98.05022938141705,100,45.65938162101347,47.70965552198011,100,76.5776482320841,100,17.29177668857837,-44.32949735321324,0,5
93.05022938141707,100,47.47923279234448,49.596542891909756,100,81.7618286740199,100,7.6399114354646755,-44.81130460261028,0,5
88.05022938141708,100,49.2990839636755,51.48343026183941,100,86.94600911595572,100,5.753024065535027,-45.30140881803038,0,5
83.0502293814171,100,51.11893513500652,53.37031763176906,100,92.13018955789153,100,3.8661366956053786,-45.79995257678058,0,5
78.05022938141711,100,52.938786306337526,55.25720500169871,100,97.31436999982733,1.5536577669763214,1.9792493256757182,-46.30707829555104,0,5
76.05022938141713,100,53.666726774869936,56.01195994967057,100,99.38804217660166,0.8257172984439212,1.2244943777038635,-46.51236335708336,0,5
76.05022938141713,100,53.666726774869936,56.01195994967057,100,99.38804217660166,0.8257172984439212,1.2244943777038635,-46.51236335708336,0,5
76.05022938141713,100,53.666726774869936,56.01195994967057,100,99.38804217660166,0.8257172984439212,1.2244943777038635,-46.51236335708336,0,5
76.05022938141713,100,53.666726774869936,56.01195994967057,100,99.38804217660166,0.8257172984439212,1.2244943777038635,-46.51236335708336,0,5
76.05022938141713,100,53.666726774869936,56.01195994967057,100,99.38804217660166,0.8257172984439212,1.2244943777038635,-46.51236335708336,0,5
76.05022938141713,100,53.666726774869936,56.01195994967057,100,99.38804217660166,0.8257172984439212,1.2244943777038635,-46.51236335708336,0,5
76.05022938141713,100,53.666726774869936,56.01195994967057,100,99.38804217660166,0.8257172984439212,1.2244943777038635,-46.51236335708336,0,5
76.05022938141713,100,53.666726774869936,56.01195994967057,100,99.38804217660166,0.8257172984439212,1.2244943777038635,-46.51236335708336,0,5
76.05022938141713,100,53.666726774869936,56.01195994967057,100,99.38804217660166,0.8257172984439212,1.2244943777038635,-46.51236335708336,0,5
76.05022938141713,100,53.666726774869936,56.01195994967057,100,99.38804217660166,0.8257172984439212,1.2244943777038635,-46.51236335708336,0,5
76.05022938141713,100,53.666726774869936,56.01195994967057,100,99.38804217660166,0.8257172984439212,1.2244943777038635,-46.51236335708336,0,5
76.05022938141713,100,53.666726774869936,56.01195994967057,100,99.38804217660166,0.8257172984439212,1.2244943777038635,-46.51236335708336,-5,0
79.21998323664687,100,56.01195994967055,53.66672677486995,100,95.50176966424708,1.2244943777038635,0.8257172984439212,-41.51236335708336,5,0
76.05022938141713,100,53.666726774869936,56.01195994967057,100,99.38804217660166,0.8257172984439212,1.2244943777038635,-46.51236335708336,5,0
73.71322452087907,100,51.93762679457924,59.082446171324314,100,100,0.5317058341265642,1.7465915152232696,-51.51236335708336,5,0
72.10817321383337,100,50.75008361474207,63.03546851533124,100,100,0.32977921726007925,2.4187526979706675,-56.51236335708336,5,0
71.16964055474773,83.07452794417287,50.0556833463774,68.09880206995494,89.5179302030548,100,0.211705281656937,3.279708183304611,-61.51236335708336,5,0
70.86076556665242,74.60837165151494,49.827153339937894,74.60837165151499,89.13923443334758,100,0.17284666006210614,4.386577714601672,-66.51236335708336,0,5
65.86076556665242,74.60837165151494,49.827153339937894,74.60837165151499,94.13923443334758,4.386577714601672,0.17284666006210614,100,-67.16654114625851,0,5
60.86076556665242,74.60837165151494,49.827153339937894,74.60837165151499,99.13923443334758,4.386577714601672,0.17284666006210614,100,-67.82706943324081,0,5
55.86076556665242,74.60837165151494,49.827153339937894,74.60837165151499,100,4.386577714601672,100,100,-68.49386302974091,0,5
50.86076556665242,74.60837165151496,49.827153339937894,74.60837165151499,100,4.386577714601672,100,100,-69.16682833753384,0,5
45.86076556665242,100,49.827153339937894,74.608371651515,100,9.995897097212813,100,68.99905226890382,-69.84586320871779,0,5
40.86076556665242,100,49.827153339937894,74.608371651515,100,17.066964909078287,100,61.92798445703834,-70.530856827001,0,5
35.86076556665242,100,49.827153339937894,74.608371651515,100,24.138032720943766,100,54.856916645172866,-71.2216896117751,0,5
30.860765566652418,100,49.827153339937894,74.608371651515,100,31.20910053280924,100,47.78584883330739,-71.91823314668909,0,5
25.860765566652418,100,49.827153339937894,74.60837165151499,100,38.28016834467471,100,40.71478102144194,-72.62035013437651,0,5
20.860765566652418,100,49.827153339937894,74.60837165151499,100,45.35123615654019,100,33.64371320957646,-73.3278943789062,0,5
15.860765566652418,100,49.827153339937894,74.60837165151499,100,100,100,26.57264539771099,-74.04071079742317,-5,0
15.959549489863631,100,50.0556833463774,68.09880206995494,100,47.619678374838244,100,30.232209172892457,-69.04071079742317,-5,0
16.2597095601174,21.570165449686524,50.75008361474207,63.035468515331225,100,43.884055763615386,100,35.08686885948856,-64.04071079742317,-5,0
16.773034598324504,19.861439922713153,51.93762679457924,59.082446171324314,100,40.96759776383445,100,41.721531133304815,-59.04071079742317,-5,0
17.520451895241944,18.534197693709803,53.666726774869936,56.01195994967057,100,38.702256633664604,100,51.19178442534857,-54.04071079742317,-5,0
18.534197693709817,17.520451895241944,100,53.66672677486995,100,36.971992178071915,100,100,-49.04071079742317,-5,0
19.861439922713146,16.77303459832451,100,51.937626794579245,100,35.696298030381286,100,100,-44.04071079742317,-5,0
21.570165449686524,16.2597095601174,100,50.75008361474206,94.30545878164679,48.58308907551188,100,100,-39.04071079742317,-5,0
23.758831878421272,15.959549489863631,100,50.0556833463774,83.0745279441729,100,100,100,-34.04071079742317,-5,0
26.57264539771099,15.860765566652418,100,49.827153339937894,74.60837165151499,100,100,100,-29.040710797423174,-5,0
30.232209172892457,15.959549489863631,100,50.0556833463774,68.09880206995494,100,47.619678374838244,100,-24.040710797423174,-5,0
35.08686885948856,16.2597095601174,21.570165449686524,50.75008361474207,63.035468515331225,100,43.884055763615386,100,-19.040710797423174,-5,0
41.721531133304815,16.773034598324504,19.861439922713153,51.93762679457924,59.082446171324314,100,40.96759776383445,100,-14.040710797423174,-5,0
51.19178442534857,17.520451895241944,18.534197693709803,53.666726774869936,56.01195994967057,100,38.702256633664604,100,-9.040710797423174,-5,0
100,18.534197693709817,17.520451895241944,100,53.66672677486995,100,36.971992178071915,100,-4.0407107974231735,-5,0
100,19.861439922713146,16.77303459832451,100,51.937626794579245,100,35.696298030381286,100,0.9592892025768265,-5,0
100,21.570165449686524,16.2597095601174,100,50.75008361474206,94.30545878164679,48.58308907551188,100,5.9592892025768265,-5,0
100,23.758831878421272,15.959549489863631,100,50.0556833463774,83.0745279441729,100,100,10.959289202576826,-5,0
100,26.57264539771099,15.860765566652418,100,49.827153339937894,74.60837165151499,100,100,15.959289202576826,-5,0
100,30.232209172892457,15.959549489863631,100,50.0556833463774,68.09880206995494,100,47.619678374838244,20.959289202576883,0,5
100,30.910160501093678,16.396992807493234,24.32770058787106,55.05568334637746,74.60100117237066,100,100,21.228714477997187,0,5
100,31.588111829294895,16.834436125122835,24.896569297320845,60.055683346377506,81.10320027478639,100,100,21.50482455164547,0,5
100,32.26606315749611,17.27187944275244,25.465438006770626,65.05568334637756,87.60539937720213,32.9955091852819,100,21.78785802175821,0,5
100,32.94401448569733,17.709322760382037,26.034306716220417,70.0556833463776,94.10759847961786,32.558065867652296,100,22.078064250769444,0,5
100,33.62196581389855,18.14676607801164,26.603175425670205,75.05568334637768,100,32.120622550022695,100,22.375703928165763,0,5
100,100,18.584209395641246,27.172044135119982,80.05568334637772,100,31.683179232393094,100,22.681049664548027,0,5
100,100,19.021652713270846,27.74091284456977,85.05568334637776,100,31.24573591476349,100,22.994386618447606,0,5
100,100,19.459096030900447,28.309781554019562,90.05568334637783,100,30.80829259713389,99.40636950156282,23.316013157463658,0,5
100,100,19.896539348530048,28.878650263469353,95.05568334637789,100,43.42063078444727,91.65735036149606,23.646241555294637,0,5
100,100,20.333982666159653,29.447518972919127,100,100,100,83.90833122142925,23.985398726222684,0,5
100,100,20.771425983789253,30.01638768236892,100,100,100,76.15931208136244,24.333826998578274,0,5
100,100,71.39986117858622,30.58525639181871,100,50.53304276892179,100,68.41029294129564,24.691884928647028,0,5
100,100,71.83730449621582,31.154125101268484,100,49.8550914407206,100,60.661273801228845,25.059948156390078,0,5
100,68.89779546935779,72.27474781384544,31.722993810718275,100,49.17714011251938,100,52.91225466116204,25.438410304206172,0,5
100,62.39559636694205,100,32.29186252016807,100,48.49918878431816,100,45.163235521095245,25.827683919783112,0,5
100,55.89339726452632,100,32.860731229617855,100,47.82123745611694,100,38.51777902364167,26.22820146383401,0,5
100,49.391198162110584,100,33.42959993906763,100,48.09545787779455,100,37.9489103141919,26.640416343195284,0,5
100,42.88899905969485,100,35.87001324212576,100,54.59765698021027,100,37.38004160474211,27.064803989353777,0,5
100,43.11328440871554,100,43.619032382192565,100,61.099856082626026,100,36.811172895292316,27.50186298195763,0,5
100,43.79123573691677,100,51.368051522259364,100,67.60205518504175,100,36.24230418584253,27.952116216225477,0,5
100,44.469187065117936,100,59.11707066232616,100,74.10425428745748,100,35.67343547639274,28.416112112383246,0,5
100,45.147138393319175,100,100,100,100,100,35.10456676694295,28.894425864292316,0,5
100,45.82508972152039,100,100,100,100,24.246642832689858,34.53569805749319,29.387660723264275,0,5
100,100,100,100,100,100,23.809199515060254,33.966829348043404,29.896449311639685,0,5
100,100,100,100,100,100,23.371756197430653,33.39796063859361,30.421454959010248,0,5
100,100,27.33307574823328,100,100,100,22.934312879801052,32.82909192914382,30.963373051925032,0,5
100,100,27.77051906586288,100,100,100,22.496869562171447,32.260223219694026,31.52293238550078,0,5
100,100,28.207962383492486,100,100,100,22.059426244541847,31.691354510244235,32.10089650247812,0,5
100,100,28.64540570112209,100,100,100,21.621982926912242,31.122485800794443,32.69806500187826,0,5
100,100,29.08284901875169,100,100,38.329918861299966,21.18453960928264,30.55361709134469,33.3152747954224,0,5
100,100,29.520292336381292,100,100,37.65196753309872,20.74709629165304,29.9847483818949,33.95340128521775,0,5
100,100,100,100,100,36.97401620489755,20.309652974023436,100,34.61335943078245,0,5
100,100,100,42.5314992902642,100,36.29606487669633,19.872209656393835,100,35.29610466719885,0,5
100,95.50268814091656,100,43.10036799971399,100,35.61811354849512,19.434766338764238,100,36.00263362894668,0,5
96.24306141835893,89.00048903850083,100,43.66923670916378,100,34.9401622202939,18.997323021134637,100,36.73398462569139,0,5
91.24306141835888,82.49828993608509,100,44.23810541861357,100,34.26221089209268,18.559879703505032,100,37.4912378068999,0,5
86.24306141835882,75.99609083366936,100,44.80697412806336,100,33.58425956389146,37.30809877727185,100,38.2755149415666,0,5
81.24306141835876,69.49389173125364,100,45.375842837513154,100,32.90630823569025,100,100,39.08797872751802,5,0
80.8958540226285,76.11974265109343,100,49.991443749873405,100,29.003505616243256,100,100,34.08797872751802,5,0
81.24306141835876,84.7371310600166,100,55.99435964453861,100,26.002667415746398,100,100,29.08797872751802,5,0
82.29806908465895,96.16868156236181,100,100,100,23.668527721531607,100,64.340111151752,24.08797872751802,5,0
84.10231256765934,100,100,100,100,21.846228979857983,100,60.31647542499345,19.08797872751802,5,0
86.72934746109644,100,100,100,70.63748246848743,20.430769442542505,100,57.19114068493152,14.08797872751802,5,0
90.29247825380625,100,58.86627628795786,100,55.25899566596314,19.349643384692197,100,70.63748246848749,9.08797872751802,5,0
74.84071337741352,100,48.20829195474296,100,45.15928662258642,25.175718903395552,100,84.10231256765934,4.087978727518021,5,0
64.34011115175203,100,41.78569349177031,100,38.083640755446986,42.428687128718025,100,82.29806908465895,-0.9120212724819794,5,0
69.49389173125364,100,45.375842837513154,100,32.90630823569025,100,100,81.24306141835876,-5.912021272481979,5,0
76.11974265109343,100,49.991443749873405,100,29.003505616243256,100,100,80.8958540226285,-10.91202127248198,5,0
84.7371310600166,100,55.99435964453861,100,26.002667415746398,100,100,81.24306141835876,-15.91202127248198,5,0
96.16868156236181,100,100,100,23.668527721531607,100,64.340111151752,82.29806908465895,-20.91202127248198,5,0
100,100,100,100,21.846228979857983,100,60.31647542499345,84.10231256765934,-25.91202127248198,5,0
100,100,100,70.63748246848743,20.430769442542505,100,57.19114068493152,86.72934746109644,-30.91202127248198,5,0
100,58.86627628795786,100,55.25899566596314,19.349643384692197,100,70.63748246848749,90.29247825380625,-35.91202127248198,5,0
100,48.20829195474296,100,45.15928662258642,25.175718903395552,100,84.10231256765934,74.84071337741352,-40.91202127248198,0,5
100,50.796482405768366,100,54.81854488547709,30.17571890339595,100,82.76256660550362,65.18145511452286,-41.786012815227195,0,5
100,100,100,64.47780314836776,35.17571890339635,100,81.42282064334789,57.32789051776639,-42.69089283160281,0,5
100,100,100,74.13706141125837,40.17571890339675,100,80.08307468119217,55.83359806415285,-43.62785216687837,0,5
100,100,100,83.79631967414907,45.17571890339712,100,78.74332871903647,54.339305610539306,-44.59809887762117,0,5
100,100,100,100,50.175718903397524,100,77.40358275688075,52.845013156925766,-45.60285192049167,0,5
100,100,41.93814811699834,100,55.17571890339792,100,76.06383679472502,51.350720703312234,-46.643333500645326,0,5
100,100,29.509050816640706,100,60.17571890339832,100,74.7240908325693,49.85642824969869,-47.72075991870497,0,5
100,100,30.848796778796434,100,65.17571890339872,100,73.38434487041359,48.36213579608514,-48.83633075368016,0,5
100,100,32.18854274095215,100,70.17571890339912,88.4979939860283,72.04459890825787,46.86784334247161,-49.99121622353755,0,5
100,100,33.52828870310787,100,75.17571890339951,85.90980353500288,70.70485294610215,45.37355088885806,-51.186542577299406,0,5
100,100,100,100,80.17571890339991,83.32161308397747,69.36510698394643,43.87925843524452,-52.42337539479075,0,5
100,100,100,100,85.1757189034003,88.76753327888247,36.96707560948821,42.384965981630984,-53.70270070489357,0,5
100,100,100,100,90.17571890340072,94.3443086371345,35.627329647332495,40.89067352801745,-55.02540388291902,0,5
100,100,100,100,95.17571890340106,99.92108399538655,34.28758368517678,39.396381074403905,-56.39224635488881,0,5
100,100,100,46.020959833342324,100,100,32.94783772302106,37.90208862079036,-57.803840223187876,0,5
98.85545010172945,100,100,47.515252286955864,100,100,31.60809176086534,36.407796167176826,-59.26062103550544,0,5
93.85545010172949,100,100,49.009544740569396,100,100,30.26834579870962,100,-60.762819047343896,0,5
88.8554501017295,100,100,50.503837194182935,100,100,28.928599836553904,100,-62.31042947602543,0,5
83.85545010172952,94.6821522729961,100,51.99812964779648,100,100,27.588853874398183,100,-63.903182407134295,0,5
78.85545010172953,89.10537691474408,100,58.34445188039962,100,100,26.24910791224246,100,-65.54051318597124,0,5
73.85545010172955,83.52860155649205,100,68.00371014329028,100,57.439708573723344,24.90936195008674,100,-67.22153429688956,0,5
68.85545010172956,77.95182619823997,100,77.66296840618095,100,54.85151812269795,23.569615987931023,100,-68.94500988905526,0,5
63.855450101729566,72.37505083998796,100,87.32222666907163,100,52.263327671672535,23.46397221697904,100,-70.70933423192531,0,5
58.85545010172957,66.79827548173593,100,100,100,49.675137220647116,42.12422625482334,100,-72.51251545913306,0,5
53.8554501017296,61.22150012348386,100,100,100,47.0869467696217,100,100,-74.35216596647956,0,5
48.855450101729616,55.64472476523183,100,100,100,44.49875631859629,100,100,-76.22550075090555,0,5
43.855450101729616,50.067949406979764,100,100,100,41.910565867570895,100,94.04074027936569,-78.12934479953242,0,5
38.85545010172963,44.49117404872774,100,100,100,39.32237541654547,100,84.38148201647503,-80.06015035519846,0,5
33.85545010172964,38.9143986904757,100,100,100,36.73418496552006,100,74.72222375358436,-82.01402450137823,-5,0
35.07975367664764,36.740315467552286,100,100,100,45.291251226377604,100,90.23492998696588,-77.01402450137823,-5,0
36.74031546755231,35.07975367664765,90.23492998696588,100,100,58.32080782011156,100,100,-72.01402450137823,-5,0
38.91439869047568,33.855450101729666,74.72222375358442,100,100,80.28351245753232,100,100,-67.01402450137823,-5,0
41.71336893086906,33.014600308764116,63.85434476054025,100,100,100,100,100,-62.01402450137823,-5,0
45.29850422818474,32.522924442317134,55.90219107902524,100,93.66240187755646,100,48.55571506980774,100,-57.01402450137823,-5,0
49.90765893336356,32.36111187679222,49.90765893336356,100,99.79796855140785,100,43.22942605648405,100,-52.01402450137823,-5,0
55.90219107902524,32.522924442317134,45.29850422818475,100,100,100,39.13407891839756,100,-47.01402450137823,-5,0
63.85434476054016,33.014600308764116,41.71336893086906,100,100,100,35.94859817004745,100,-42.01402450137823,-5,0
74.72222375358436,33.85545010172964,38.9143986904757,100,100,100,36.73418496552006,100,-37.01402450137823,-5,0
90.23492998696588,35.07975367664764,36.740315467552286,100,100,100,45.291251226377604,100,-32.01402450137823,-5,0
100,36.74031546755231,35.07975367664765,90.23492998696588,100,100,58.32080782011156,100,-27.01402450137823,-5,0
100,38.91439869047568,33.855450101729666,74.72222375358442,100,100,80.28351245753232,100,-22.01402450137823,-5,0
100,41.71336893086906,33.014600308764116,63.85434476054025,100,100,100,100,-17.01402450137823,-5,0
100,45.29850422818474,32.522924442317134,55.90219107902524,100,93.66240187755646,100,48.55571506980774,-12.01402450137823,-5,0
100,49.90765893336356,32.36111187679222,49.90765893336356,100,99.79796855140785,100,43.22942605648405,-7.0140245013782305,0,5
100,49.90765893336356,32.36111187679222,49.90765893336356,100,99.79796855140785,100,43.22942605648405,-7.264820217504507,0,5
100,49.90765893336356,32.36111187679222,49.90765893336356,100,99.79796855140785,100,43.22942605648405,-7.534108791648578,0,5
100,49.90765893336356,32.36111187679222,49.90765893336356,100,100,100,43.22942605648405,-7.82400059331809,0,5
100,49.90765893336356,32.36111187679222,49.90765893336356,100,100,100,100,-8.136937493636765,0,5
100,49.90765893336356,32.36111187679222,49.90765893336356,100,100,27.638888123207778,100,-8.475760096877877,0,5
100,49.90765893336356,32.36111187679222,49.90765893336356,100,100,27.638888123207778,100,-8.843791878252716,0,5
100,49.90765893336356,32.36111187679222,49.90765893336356,100,100,27.638888123207778,100,-9.244945353446099,0,5
100,49.90765893336356,32.36111187679222,49.90765893336356,100,100,27.638888123207778,100,-9.683857240215161,0,5
100,49.90765893336356,32.36111187679222,49.90765893336356,100,100,27.638888123207778,100,-10.166062170094506,0,5
100,49.90765893336356,32.36111187679222,49.90765893336356,100,100,27.638888123207778,100,-10.698218232163072,0,5
100,49.90765893336356,32.36111187679222,49.90765893336356,100,100,87.63888812320778,100,-11.288403039763352,0,5
100,49.90765893336356,32.36111187679222,49.90765893336356,100,100,87.63888812320778,100,-11.946506976733133,0,5
100,49.90765893336356,32.36111187679222,49.90765893336356,100,43.22942605648405,87.63888812320778,100,-12.68476218108043,0,5
100,49.90765893336356,32.36111187679222,49.90765893336356,100,43.22942605648405,87.63888812320778,99.79796855140785,-13.518463872778682,0,5
100,49.90765893336356,32.36111187679222,49.90765893336356,100,43.22942605648405,87.63888812320778,99.79796855140785,-14.4669684211907,0,5
100,49.90765893336356,32.36111187679222,49.90765893336356,100,43.22942605648405,87.63888812320778,99.79796855140785,-15.555095974299206,0,5
100,49.90765893336356,32.36111187679222,49.90765893336356,100,43.22942605648405,87.63888812320778,99.79796855140785,-16.815134275114474,0,5
100,49.90765893336356,32.36111187679222,49.90765893336356,100,43.22942605648405,87.63888812320778,99.79796855140785,-18.289750496323904,0,5
100,49.90765893336356,32.36111187679222,49.90765893336356,100,48.87782245190555,87.63888812320778,99.79796855140785,-20.036295301984012,0,5
100,49.90765893336356,32.36111187679222,49.90765893336356,100,55.94889026377103,87.63888812320778,99.79796855140785,-22.133266514702257,0,5
100,49.90765893336356,32.36111187679222,49.90765893336356,100,63.0199580756365,87.63888812320778,99.79796855140785,-24.690135046332102,0,5
100,49.90765893336356,32.36111187679222,49.90765893336356,100,70.09102588750197,87.63888812320778,99.79796855140785,-27.86233007984464,0,5
100,49.90765893336356,32.36111187679222,49.90765893336356,100,77.16209369936745,87.63888812320778,99.79796855140785,-31.873683925469663,0,5
100,49.90765893336356,32.36111187679222,49.90765893336356,100,84.23316151123292,87.63888812320778,99.79796855140785,-37.04770242870461,0,5
100,49.90765893336356,32.36111187679222,49.90765893336356,100,91.30422932309841,87.63888812320778,99.79796855140785,168.67302741241087,0,5
100,49.90765893336356,32.36111187679222,49.90765893336356,100,98.37529713496387,87.63888812320778,100,169.14682904421522,0,5
100,49.90765893336356,32.36111187679222,49.90765893336356,100,100,87.63888812320778,100,169.58300500641604,0,5
100,49.90765893336356,32.36111187679222,49.90765893336356,100,100,87.63888812320778,100,169.98582099225948,0,5
100,49.90765893336356,32.36111187679222,49.90765893336356,100,100,67.63888812320778,100,170.3589276002234,0,5
100,49.90765893336356,32.36111187679222,49.90765893336356,100,100,67.63888812320778,100,170.7054662964893,0,5
100,49.90765893336356,32.36111187679222,49.90765893336356,100,100,67.63888812320778,100,171.02815440702906,0,5
